method,baseline,metric,difference,relative_change_percent,convention
composition_selected,parent_wfr,rmse_stored_units,-2.6655e-09,-0.0659131703,negative_is_lower_error; x_mean_pct_difference_is_percentage_points
composition_selected,parent_wfr,mae_stored_units,-1.53737e-08,-0.55703733,negative_is_lower_error; x_mean_pct_difference_is_percentage_points
composition_selected,parent_wfr,x_mean_pct,-0.3790802,-4.54003955,negative_is_lower_error; x_mean_pct_difference_is_percentage_points
composition_selected,parent_wfr,x_profile_rmse_stored_units,-1.34445e-07,-0.929898858,negative_is_lower_error; x_mean_pct_difference_is_percentage_points
profile_selected,parent_wfr,rmse_stored_units,1.1398e-09,0.0281852679,negative_is_lower_error; x_mean_pct_difference_is_percentage_points
profile_selected,parent_wfr,mae_stored_units,6.7193e-09,0.243461296,negative_is_lower_error; x_mean_pct_difference_is_percentage_points
profile_selected,parent_wfr,x_mean_pct,-0.6225855,-7.45637149,negative_is_lower_error; x_mean_pct_difference_is_percentage_points
profile_selected,parent_wfr,x_profile_rmse_stored_units,-2.5333e-07,-1.75217582,negative_is_lower_error; x_mean_pct_difference_is_percentage_points
profile_selected,composition_selected,rmse_stored_units,3.8053e-09,0.0941605023,negative_is_lower_error; x_mean_pct_difference_is_percentage_points
profile_selected,composition_selected,mae_stored_units,2.2093e-08,0.80498268,negative_is_lower_error; x_mean_pct_difference_is_percentage_points
profile_selected,composition_selected,x_mean_pct,-0.2435053,-3.05503158,negative_is_lower_error; x_mean_pct_difference_is_percentage_points
profile_selected,composition_selected,x_profile_rmse_stored_units,-1.18885e-07,-0.829995073,negative_is_lower_error; x_mean_pct_difference_is_percentage_points
profile_selected,previous_direct_signed_flow,rmse_stored_units,-1.006754e-07,-2.4283874,negative_is_lower_error; x_mean_pct_difference_is_percentage_points
profile_selected,previous_direct_signed_flow,mae_stored_units,-1.091666e-07,-3.79605512,negative_is_lower_error; x_mean_pct_difference_is_percentage_points
profile_selected,previous_direct_signed_flow,x_mean_pct,-0.1678766,-2.12636538,negative_is_lower_error; x_mean_pct_difference_is_percentage_points
profile_selected,previous_direct_signed_flow,x_profile_rmse_stored_units,-1.31199e-07,-0.915178427,negative_is_lower_error; x_mean_pct_difference_is_percentage_points
profile_selected,previous_positive_negative_flows,rmse_stored_units,-1.322874e-07,-3.16675236,negative_is_lower_error; x_mean_pct_difference_is_percentage_points
profile_selected,previous_positive_negative_flows,mae_stored_units,-1.849151e-07,-6.26503961,negative_is_lower_error; x_mean_pct_difference_is_percentage_points
profile_selected,previous_positive_negative_flows,x_mean_pct,0.458507,6.30803467,negative_is_lower_error; x_mean_pct_difference_is_percentage_points
profile_selected,previous_positive_negative_flows,x_profile_rmse_stored_units,2.2928e-08,0.16167239,negative_is_lower_error; x_mean_pct_difference_is_percentage_points
profile_selected,previous_final_system,rmse_stored_units,-2.826528e-07,-6.53117329,negative_is_lower_error; x_mean_pct_difference_is_percentage_points
profile_selected,previous_final_system,mae_stored_units,-3.400692e-07,-10.9463396,negative_is_lower_error; x_mean_pct_difference_is_percentage_points
profile_selected,previous_final_system,x_mean_pct,1.0529574,15.776608,negative_is_lower_error; x_mean_pct_difference_is_percentage_points
profile_selected,previous_final_system,x_profile_rmse_stored_units,3.4727e-07,2.50602132,negative_is_lower_error; x_mean_pct_difference_is_percentage_points
profile_selected,shared_calibrated_predictor,rmse_stored_units,-2.804676e-07,-6.48395446,negative_is_lower_error; x_mean_pct_difference_is_percentage_points
profile_selected,shared_calibrated_predictor,mae_stored_units,-3.343723e-07,-10.7827374,negative_is_lower_error; x_mean_pct_difference_is_percentage_points
profile_selected,shared_calibrated_predictor,x_mean_pct,0.7055795,10.0487764,negative_is_lower_error; x_mean_pct_difference_is_percentage_points
profile_selected,shared_calibrated_predictor,x_profile_rmse_stored_units,1.83655e-07,1.309853,negative_is_lower_error; x_mean_pct_difference_is_percentage_points
