sample_idx,bone_in_beam_candidate,bone_fraction_in_relevant_band,max_hu_in_relevant_band,beam_slice_idx,beam_peak_y,beam_peak_x,gt_max,dose_sum_slice,relevant_fraction_in_slice,ct_hu_mean_relevant,ct_hu_std_relevant,weighted_t010,weighted_t015,weighted_tuned,overall_t010,overall_t015,overall_tuned,high_t010,high_t015,high_tuned,delta_weighted_t010_vs_tuned,delta_weighted_t015_vs_tuned,delta_overall_t010_vs_tuned,delta_overall_t015_vs_tuned,delta_high_t010_vs_tuned,delta_high_t015_vs_tuned
221,True,0.23076923076923078,1448.14990234375,16,16,0,3.7372336387634277,92.78280639648438,0.2275390625,-17.378637313842773,585.317138671875,0.0002553893718868494,0.00022711372002959251,0.0005752600263804197,0.003578288946300745,0.0041748336516320705,0.003337149042636156,0.011144239455461502,0.014101408421993256,0.010044095106422901,-0.00031987065449357033,-0.0003481463063508272,0.00024113990366458893,0.0008376846089959145,0.001100144349038601,0.0040573133155703545
50,True,0.6176470588235294,1500.0,16,16,0,3.5455868244171143,83.79678344726562,0.19921875,233.4132537841797,517.90576171875,0.0004674325173255056,0.0003983825445175171,0.0003941594040952623,0.0060911462642252445,0.006778922863304615,0.005657920613884926,0.016237402334809303,0.018116958439350128,0.014967230148613453,7.327311323024333e-05,4.223140422254801e-06,0.0004332256503403187,0.0011210022494196892,0.0012701721861958504,0.0031497282907366753
330,True,0.22727272727272727,722.076171875,16,16,0,3.588139772415161,94.50543212890625,0.23046875,-68.94064331054688,473.93609619140625,0.00013350194785743952,0.00023867690470069647,0.0002724357764236629,0.0038935462944209576,0.004239046946167946,0.003635482396930456,0.01002987939864397,0.012250229716300964,0.00885098334401846,-0.00013893382856622338,-3.375887172296643e-05,0.0002580638974905014,0.0006035645492374897,0.0011788960546255112,0.003399246372282505
263,True,0.06521739130434782,711.5662841796875,16,16,0,3.03731369972229,89.88471984863281,0.2158203125,-168.73500061035156,399.068115234375,9.567404049448669e-05,0.00010574634507065639,0.000253479927778244,0.0035667256452143192,0.003401184920221567,0.0037868060171604156,0.0064794039353728294,0.006402927450835705,0.008026773110032082,-0.00015780588728375733,-0.00014773358270758763,-0.00022008037194609642,-0.0003856210969388485,-0.0015473691746592522,-0.0016238456591963768
10,True,0.13725490196078433,798.2279052734375,16,16,0,3.3746283054351807,96.19375610351562,0.2236328125,-27.15399742126465,590.9612426757812,0.00015693412569817156,0.00024751797900535166,0.0002056094672298059,0.004246010910719633,0.004694634582847357,0.0043195211328566074,0.009382339194417,0.012331181205809116,0.010592527687549591,-4.867534153163433e-05,4.1908511775545776e-05,-7.351022213697433e-05,0.00037511344999074936,-0.0012101884931325912,0.0017386535182595253
349,True,0.23076923076923078,1500.0,16,16,0,2.673520803451538,88.31491088867188,0.263671875,-373.34625244140625,635.00634765625,0.00015568436356261373,0.00010272100917063653,0.0001543498510727659,0.004523971118032932,0.004389547742903233,0.004321693442761898,0.009810254909098148,0.00930397491902113,0.00976959802210331,1.3345124898478389e-06,-5.162884190212935e-05,0.00020227767527103424,6.785430014133453e-05,4.0656886994838715e-05,-0.00046562310308218
278,True,0.3333333333333333,1118.5556640625,16,16,0,3.9800233840942383,97.53392028808594,0.224609375,120.91150665283203,204.552734375,6.653014861512929e-05,9.510645031696185e-05,0.0001432918361388147,0.0030119484290480614,0.003420406486839056,0.003265711246058345,0.006125165149569511,0.009086630307137966,0.008588758297264576,-7.67616875236854e-05,-4.818538582185283e-05,-0.00025376281701028347,0.00015469524078071117,-0.0024635931476950645,0.0004978720098733902
144,True,0.14285714285714285,1142.76904296875,16,16,0,2.79909610748291,95.02999877929688,0.228515625,-262.60357666015625,431.697021484375,8.514204091625288e-05,8.904630522010848e-05,0.00012163848441559821,0.0043387399055063725,0.004452196415513754,0.004769329912960529,0.007614725735038519,0.007737127598375082,0.008879345841705799,-3.649644349934533e-05,-3.2592179195489734e-05,-0.0004305900074541569,-0.00031713349744677544,-0.0012646201066672802,-0.001142218243330717
104,True,0.42857142857142855,1500.0,16,16,0,2.515881061553955,73.55064392089844,0.201171875,-239.07278442382812,675.6737670898438,9.794950892683119e-05,0.00010936908074654639,0.00010788031067932025,0.004589870572090149,0.004495212808251381,0.004211205057799816,0.008432675153017044,0.009567567147314548,0.008980621583759785,-9.93080175248906e-06,1.4887700672261417e-06,0.0003786655142903328,0.0002840077504515648,-0.0005479464307427406,0.0005869455635547638
3,True,0.4358974358974359,746.8460693359375,16,16,0,3.8393378257751465,84.6741943359375,0.2001953125,255.94308471679688,401.679443359375,0.0001585458085173741,0.00011330175766488537,0.0001028252809192054,0.003230366390198469,0.0037647366989403963,0.0032071887981146574,0.00865744985640049,0.011286824010312557,0.008163213729858398,5.57205275981687e-05,1.0476476745679975e-05,2.317759208381176e-05,0.0005575479008257389,0.0004942361265420914,0.0031236102804541588
191,True,0.15,684.878662109375,16,16,0,3.838892936706543,98.52030181884766,0.2412109375,-7.063531875610352,306.7212829589844,2.580522050266154e-05,8.211763633880764e-05,9.240247163688764e-05,0.002087982138618827,0.0027497902046889067,0.0023848675191402435,0.004194921813905239,0.008132320828735828,0.007051157299429178,-6.65972511342261e-05,-1.0284835298079997e-05,-0.00029688538052141666,0.00036492268554866314,-0.002856235485523939,0.0010811635293066502
234,True,0.24242424242424243,946.00048828125,16,16,0,2.133702039718628,80.136962890625,0.232421875,-498.9623107910156,506.7178955078125,4.899398845736869e-05,2.2969845304032788e-05,9.103161573875695e-05,0.0033880379050970078,0.003173346631228924,0.0034525117371231318,0.005877404473721981,0.004709726665169001,0.00887481588870287,-4.203762728138827e-05,-6.806177043472417e-05,-6.4473832026124e-05,-0.00027916510589420795,-0.0029974114149808884,-0.004165089223533869
45,True,0.06976744186046512,502.043701171875,16,16,0,3.541170597076416,93.48295593261719,0.1953125,171.78436279296875,360.74981689453125,3.516222204780206e-05,8.528082980774343e-05,9.098922600969672e-05,0.0029993620701134205,0.00325876590795815,0.003376987762749195,0.003932081628590822,0.005973023362457752,0.005954082123935223,-5.582700396189466e-05,-5.708396201953292e-06,-0.0003776256926357746,-0.00011822185479104519,-0.0020220004953444004,1.8941238522529602e-05
296,True,0.15217391304347827,816.882080078125,15,16,0,2.460157632827759,84.38102722167969,0.2333984375,-472.76116943359375,501.801025390625,4.2088329792022705e-05,3.7805006286362186e-05,9.033184323925525e-05,0.0031102714128792286,0.0029264893382787704,0.0035544619895517826,0.0050993310287594795,0.004711876157671213,0.007239398080855608,-4.8243513447232544e-05,-5.2526836952893063e-05,-0.000444190576672554,-0.0006279726512730122,-0.0021400670520961285,-0.002527521923184395
262,True,0.10526315789473684,496.7501220703125,16,16,0,3.247861862182617,103.46378326416016,0.255859375,-238.65184020996094,435.8650207519531,6.226036202860996e-05,7.380484021268785e-05,8.656134741613641e-05,0.003516528755426407,0.00373738631606102,0.003958008252084255,0.007535526994615793,0.009841238148510456,0.01042269915342331,-2.4300985387526453e-05,-1.2756507203448564e-05,-0.00044147949665784836,-0.00022062193602323532,-0.002887172158807516,-0.0005814610049128532
27,True,0.48484848484848486,1082.96533203125,16,16,0,3.3184943199157715,77.80458068847656,0.1845703125,173.3349609375,340.1778259277344,3.458759601926431e-05,8.360776701010764e-05,7.987263961695135e-05,0.002801585476845503,0.0033630821853876114,0.0028875800780951977,0.005464036483317614,0.00922523532062769,0.005935882218182087,-4.5285043597687036e-05,3.73512739315629e-06,-8.599460124969482e-05,0.0004755021072924137,-0.00047184573486447334,0.0032893531024456024
123,True,0.5,1159.29931640625,16,16,0,3.485478639602661,76.65812683105469,0.2080078125,91.01486206054688,665.2420654296875,4.9777616368373856e-05,7.622121484018862e-05,6.873423990327865e-05,0.0037925897631794214,0.003736183512955904,0.0038850167766213417,0.00677479850128293,0.006496998481452465,0.007445833645761013,-1.8956623534904793e-05,7.486974936909974e-06,-9.242701344192028e-05,-0.0001488332636654377,-0.0006710351444780827,-0.000948835164308548
420,True,0.09302325581395349,911.896728515625,16,16,0,2.8759069442749023,97.93965148925781,0.255859375,-402.2363586425781,487.41607666015625,6.013002712279558e-05,6.224765093065798e-05,6.839945126557723e-05,0.003004148369655013,0.0031668662559241056,0.003286421298980713,0.005888151004910469,0.006849817931652069,0.00704403268173337,-8.269424142781645e-06,-6.151800334919244e-06,-0.0002822729293256998,-0.00011955504305660725,-0.0011558816768229008,-0.00019421475008130074
340,True,0.18421052631578946,982.4188232421875,16,16,0,3.551090955734253,87.80790710449219,0.2177734375,30.501419067382812,456.2156677246094,4.299636202631518e-05,2.9420185455819592e-05,6.774670328013599e-05,0.003299193223938346,0.0030917078256607056,0.0030952105298638344,0.0058762505650520325,0.005359078291803598,0.004916794132441282,-2.4750341253820807e-05,-3.83265178243164e-05,0.00020398269407451153,-3.5027042031288147e-06,0.0009594564326107502,0.00044228415936231613
259,True,0.1388888888888889,925.7906494140625,16,16,0,2.850126028060913,72.34910583496094,0.19921875,-73.21766662597656,507.6641845703125,3.601845310186036e-05,2.064045111183077e-05,6.753503112122416e-05,0.0024673622101545334,0.002248027129098773,0.0031846915371716022,0.004737629555165768,0.00365772214718163,0.00755115132778883,-3.1516578019363806e-05,-4.6894580009393394e-05,-0.0007173293270170689,-0.0009366644080728292,-0.002813521772623062,-0.0038934291806071997
280,True,0.07142857142857142,445.3935546875,16,16,0,3.168501138687134,90.10398864746094,0.23046875,-207.1123809814453,372.3641662597656,3.021073825948406e-05,5.337249967851676e-05,6.731819303240627e-05,0.002646313514560461,0.003263118676841259,0.003290324006229639,0.004186579957604408,0.007078652735799551,0.0066722990013659,-3.710745477292221e-05,-1.394569335388951e-05,-0.000644010491669178,-2.720532938838005e-05,-0.0024857190437614918,0.00040635373443365097
371,True,0.8695652173913043,1382.626953125,16,16,0,2.0426790714263916,72.21967315673828,0.2236328125,-462.9425048828125,690.8749389648438,5.822694220114499e-05,4.519784124568105e-05,6.723135447828099e-05,0.004537035245448351,0.0042443228885531425,0.004489866551011801,0.007647626101970673,0.0055869086645543575,0.007033597212284803,-9.004412277135998e-06,-2.2033513232599944e-05,4.716869443655014e-05,-0.0002455436624586582,0.0006140288896858692,-0.0014466885477304459
181,True,0.09523809523809523,572.318603515625,16,16,0,3.8903121948242188,102.42939758300781,0.2470703125,-34.94731521606445,303.4965515136719,4.123877079109661e-05,0.00011425887350924313,6.60782607155852e-05,0.002446169499307871,0.003293546149507165,0.0028121285140514374,0.004982886835932732,0.009908471256494522,0.007388925179839134,-2.483948992448859e-05,4.818061279365793e-05,-0.0003659590147435665,0.0004814176354557276,-0.0024060383439064026,0.002519546076655388
12,True,0.3783783783783784,658.30322265625,16,16,0,3.5341365337371826,82.84352111816406,0.1943359375,194.26025390625,221.9795684814453,9.169423719868064e-05,6.23712912783958e-05,6.443503662012517e-05,0.0024190922267735004,0.0023417240008711815,0.0021894837263971567,0.004662753082811832,0.004579898901283741,0.004068552516400814,2.7259200578555465e-05,-2.0637453417293727e-06,0.00022960850037634373,0.00015224027447402477,0.0005942005664110184,0.0005113463848829269
157,True,0.29411764705882354,1287.061767578125,16,16,0,2.682037830352783,78.72440338134766,0.2197265625,-306.4810485839844,540.0055541992188,2.273517930007074e-05,2.455784851917997e-05,6.408102490240708e-05,0.002521212212741375,0.0029101595282554626,0.002563896356150508,0.003897304181009531,0.005480898544192314,0.004517449531704187,-4.134584560233634e-05,-3.952317638322711e-05,-4.268414340913296e-05,0.0003462631721049547,-0.0006201453506946564,0.0009634490124881268
0,True,0.18421052631578946,830.923095703125,16,16,0,3.831937074661255,93.76081848144531,0.234375,49.72440719604492,291.6142272949219,4.318736318964511e-05,8.207430801121518e-05,6.3768369727768e-05,0.002729000523686409,0.003124155104160309,0.0024732225574553013,0.005743564572185278,0.008013084530830383,0.00500668166205287,-2.0581006538122892e-05,1.8305938283447176e-05,0.0002557779662311077,0.0006509325467050076,0.0007368829101324081,0.0030064028687775135
249,True,0.0975609756097561,1316.99072265625,16,16,0,3.6261699199676514,94.8183822631836,0.21875,43.22249221801758,309.9231872558594,6.0051352193113416e-05,6.18625053903088e-05,6.21994404355064e-05,0.002972977701574564,0.0029712605755776167,0.00290880654938519,0.004840696696192026,0.005287919659167528,0.0046260482631623745,-2.148088242392987e-06,-3.369350451976061e-07,6.417115218937397e-05,6.245402619242668e-05,0.00021464843302965164,0.0006618713960051537
124,True,0.07142857142857142,773.752685546875,16,16,0,3.6176371574401855,86.97296142578125,0.2041015625,185.04615783691406,252.26121520996094,6.030420263414271e-05,6.268881406867877e-05,6.113854760769755e-05,0.0035467790439724922,0.0035792887210845947,0.00337202288210392,0.006073287688195705,0.005604660604149103,0.004658729303628206,-8.343449735548347e-07,1.55026646098122e-06,0.00017475616186857224,0.00020726583898067474,0.0014145583845674992,0.0009459313005208969
110,True,0.15,709.0106201171875,16,16,0,3.87187123298645,98.04078674316406,0.2333984375,39.43803024291992,120.42385864257812,3.9814090996515006e-05,7.428557000821456e-05,5.743158544646576e-05,0.0021746335551142693,0.0025924714282155037,0.0022008982487022877,0.00506516732275486,0.0079588508233428,0.0058496263809502125,-1.7617494449950755e-05,1.6853984561748803e-05,-2.6264693588018417e-05,0.000391573179513216,-0.0007844590581953526,0.0021092244423925877
410,True,0.175,816.5234375,16,16,0,3.36649751663208,86.64388275146484,0.19921875,156.8502960205078,257.28533935546875,3.178085898980498e-05,2.2916989109944552e-05,5.54229409317486e-05,0.0022812036331743,0.002272733487188816,0.0020622429437935352,0.0032311102841049433,0.0037946903612464666,0.004164912272244692,-2.3642081941943616e-05,-3.250595182180405e-05,0.00021896068938076496,0.00021049054339528084,-0.0009338019881397486,-0.0003702219109982252
372,True,0.17073170731707318,1015.0361328125,16,16,0,2.569542407989502,87.25373077392578,0.2216796875,-404.00433349609375,606.7568969726562,2.11367841984611e-05,2.179236980737187e-05,5.491842603078112e-05,0.002261674962937832,0.002778956200927496,0.0034124329686164856,0.0034725540317595005,0.005109115038067102,0.00793784111738205,-3.378164183232002e-05,-3.312605622340925e-05,-0.0011507580056786537,-0.0006334767676889896,-0.004465287085622549,-0.002828726079314947
311,True,0.14705882352941177,473.1416015625,16,16,0,2.225684881210327,72.95561218261719,0.150390625,-94.24344635009766,342.6224670410156,2.6158821128774434e-05,3.2942843972705305e-05,5.410217636381276e-05,0.0028452628757804632,0.003338454058393836,0.0032471995800733566,0.00370909390039742,0.00392086710780859,0.00705117778852582,-2.7943355235038325e-05,-2.1159332391107455e-05,-0.0004019367042928934,9.125447832047939e-05,-0.0033420838881284,-0.00313031068071723
355,True,0.21951219512195122,935.759033203125,16,16,0,3.978949546813965,94.27043151855469,0.2158203125,164.592529296875,233.73712158203125,1.654522384342272e-05,3.1363357265945524e-05,4.994445407646708e-05,0.001835501054301858,0.0019798707216978073,0.001735512400045991,0.0031210463494062424,0.005090629681944847,0.004281418398022652,-3.3399230233044364e-05,-1.8581096810521558e-05,9.9988654255867e-05,0.00024435832165181637,-0.0011603720486164093,0.0008092112839221954
396,True,0.1111111111111111,1268.27490234375,16,16,0,2.737313985824585,82.61360168457031,0.2666015625,-337.2359619140625,643.764404296875,3.454181569395587e-05,5.2409337513381615e-05,4.784894554177299e-05,0.0037124771624803543,0.003954474814236164,0.004068884998559952,0.005435110069811344,0.005849398206919432,0.006164067890495062,-1.3307129847817123e-05,4.560391971608624e-06,-0.0003564078360795975,-0.00011441018432378769,-0.0007289578206837177,-0.0003146696835756302
68,True,0.16216216216216217,775.2054443359375,16,16,0,2.629101276397705,82.85871887207031,0.2021484375,-281.1752624511719,473.7438049316406,1.8980355889652856e-05,3.025945261470042e-05,4.741553857456893e-05,0.0027194255962967873,0.002885871334001422,0.002612257841974497,0.003380910027772188,0.005906062200665474,0.0037289883475750685,-2.843518268491607e-05,-1.7156085959868506e-05,0.00010716775432229042,0.0002736134920269251,-0.0003480783198028803,0.0021770738530904055
306,True,0.20588235294117646,669.0751953125,16,16,0,2.317167043685913,76.38467407226562,0.197265625,-293.7492370605469,578.406982421875,4.7632685891585425e-05,3.311487307655625e-05,4.716639159596525e-05,0.004086438100785017,0.0037073767744004726,0.003634049789980054,0.006317350547760725,0.004074379336088896,0.0072937170043587685,4.662942956201732e-07,-1.4051518519409001e-05,0.0004523883108049631,7.332698442041874e-05,-0.0009763664565980434,-0.0032193376682698727
224,True,0.19047619047619047,606.6717529296875,16,16,0,3.7385778427124023,92.14141845703125,0.224609375,46.026790618896484,311.7998352050781,1.5294443073798902e-05,2.8384351026033983e-05,4.6456349082291126e-05,0.001899258466437459,0.0021485742181539536,0.0022211659234017134,0.003189267823472619,0.005080297123640776,0.005927011836320162,-3.1161906008492224e-05,-1.8071998056257144e-05,-0.0003219074569642544,-7.259170524775982e-05,-0.0027377440128475428,-0.0008467147126793861
240,True,0.15555555555555556,848.654296875,16,16,0,1.8900411128997803,78.58399963378906,0.185546875,-469.00390625,478.1824951171875,6.331845361273736e-05,7.492931763408706e-05,4.567641735775396e-05,0.005071232095360756,0.005784448701888323,0.003964405041188002,0.008323291316628456,0.00704388041049242,0.0067097702994942665,1.7642036254983395e-05,2.9252900276333094e-05,0.0011068270541727543,0.0018200436607003212,0.0016135210171341896,0.0003341101109981537
79,True,0.3235294117647059,933.759521484375,16,16,0,3.020049571990967,85.30948638916016,0.2529296875,-253.42904663085938,589.4652099609375,7.680623821215704e-05,5.1547416660469025e-05,4.537926724879071e-05,0.004044855944812298,0.0036997697316110134,0.003812777576968074,0.006733684800565243,0.0057306066155433655,0.0056448644027113914,3.142697096336633e-05,6.168149411678314e-06,0.00023207836784422398,-0.00011300784535706043,0.0010888203978538513,8.574221283197403e-05
99,True,0.075,1010.052978515625,16,16,0,2.9099831581115723,79.49514770507812,0.189453125,-28.893272399902344,176.42689514160156,2.615932135086041e-05,1.5722658645245247e-05,4.5011423935648054e-05,0.002396643627434969,0.00255395146086812,0.0023997833486646414,0.0037377371918410063,0.0032169728074222803,0.004972019698470831,-1.8852102584787644e-05,-2.9288765290402807e-05,-3.139721229672432e-06,0.0001541681122034788,-0.0012342825066298246,-0.0017550468910485506
71,True,0.07692307692307693,1029.154296875,16,16,0,2.1493782997131348,82.45780181884766,0.2216796875,-522.083984375,541.6065673828125,2.2971860744291916e-05,2.63737456407398e-05,4.472219734452665e-05,0.0026855668984353542,0.00241368287242949,0.0029225468169897795,0.003921841736882925,0.0036123120225965977,0.005524768494069576,-2.1750336600234732e-05,-1.834845170378685e-05,-0.00023697991855442524,-0.0005088639445602894,-0.0016029267571866512,-0.0019124564714729786
16,True,0.23076923076923078,1184.8505859375,16,16,0,3.215360641479492,93.96774291992188,0.224609375,-100.91168212890625,383.5633239746094,7.43634082027711e-05,4.5961671276018023e-05,4.4678134145215154e-05,0.002996407449245453,0.0032125143334269524,0.002811635844409466,0.006660402752459049,0.00715715391561389,0.005561748053878546,2.9685274057555944e-05,1.2835371308028698e-06,0.0001847716048359871,0.00040087848901748657,0.0010986546985805035,0.001595405861735344
482,True,0.21621621621621623,538.86376953125,16,16,0,2.7991435527801514,78.84883880615234,0.1826171875,1.0095593929290771,211.32884216308594,5.915322253713384e-05,6.4273044699803e-05,4.332599928602576e-05,0.003944085445255041,0.003946130163967609,0.003436327911913395,0.006197135429829359,0.006129777990281582,0.005284582730382681,1.582722325110808e-05,2.0947045413777232e-05,0.0005077575333416462,0.0005098022520542145,0.0009125526994466782,0.000845195259898901
195,True,0.1,1063.54931640625,16,16,0,3.5947773456573486,96.29026794433594,0.201171875,147.66815185546875,278.390869140625,3.368478428456001e-05,4.2952466174028814e-05,4.3296524381730705e-05,0.0028807753697037697,0.0032255807891488075,0.0030286158435046673,0.003467403119429946,0.00513475900515914,0.004153002984821796,-9.611740097170696e-06,-3.4405820770189166e-07,-0.0001478404738008976,0.00019696494564414024,-0.0006855998653918505,0.0009817560203373432
407,True,0.35135135135135137,946.973388671875,16,16,0,3.9839460849761963,89.47084045410156,0.203125,258.73883056640625,274.3923034667969,4.004163929494098e-05,4.390890899230726e-05,4.3049709347542375e-05,0.0019836798310279846,0.0023323986679315567,0.0020314794965088367,0.003748402465134859,0.006233111955225468,0.004353404510766268,-3.008070052601397e-06,8.591996447648853e-07,-4.779966548085213e-05,0.00030091917142271996,-0.0006050020456314087,0.0018797074444592
361,True,0.23684210526315788,1289.115234375,16,16,0,1.958412766456604,84.247802734375,0.208984375,-592.0234985351562,599.8023071289062,2.7554258849704638e-05,2.9444106985465623e-05,4.281408109818585e-05,0.0031359128188341856,0.00318155181594193,0.0031484123319387436,0.0027890652418136597,0.004318184684962034,0.0052491663955152035,-1.5259822248481214e-05,-1.3369974112720229e-05,-1.2499513104557991e-05,3.3139484003186226e-05,-0.002460101153701544,-0.0009309817105531693
103,True,0.1891891891891892,485.3402099609375,16,16,0,2.9964168071746826,77.22208404541016,0.2021484375,-60.97950744628906,466.9303894042969,4.5967011828906834e-05,1.9327317204442807e-05,4.2237348679918796e-05,0.0029008674900978804,0.0024643708020448685,0.003047940321266651,0.005305364727973938,0.004186369478702545,0.005698084365576506,3.7296631489880383e-06,-2.291003147547599e-05,-0.0001470728311687708,-0.0005835695192217827,-0.00039271963760256767,-0.0015117148868739605
295,True,0.7419354838709677,888.0450439453125,15,16,0,3.3630564212799072,76.15533447265625,0.205078125,83.47866821289062,439.2484436035156,2.2632277250522748e-05,2.4765166017459705e-05,4.199654722469859e-05,0.0021701515652239323,0.00254216231405735,0.0024134251289069653,0.0035623926669359207,0.005240867380052805,0.004982579033821821,-1.936426997417584e-05,-1.7231381207238883e-05,-0.000243273563683033,0.0001287371851503849,-0.0014201863668859005,0.00025828834623098373
359,True,0.65625,996.6160888671875,16,16,0,3.4647345542907715,81.52169799804688,0.201171875,151.45751953125,286.328125,3.977368396590464e-05,5.500523911905475e-05,4.096876727999188e-05,0.0028671519830822945,0.0029897934291511774,0.0024969391524791718,0.004484697710722685,0.007544409018009901,0.00411579292267561,-1.1950833140872419e-06,1.403647183906287e-05,0.0003702128306031227,0.0004928542766720057,0.00036890478804707527,0.0034286160953342915
207,True,0.05660377358490566,556.4805908203125,16,16,0,2.5742392539978027,97.19631958007812,0.2568359375,-479.7607727050781,386.2243957519531,2.5889185053529218e-05,4.025810630992055e-05,4.086916669621132e-05,0.002371721900999546,0.0027629006654024124,0.0023225275799632072,0.004703435115516186,0.007220794912427664,0.005769382696598768,-1.4979981642682105e-05,-6.110603862907737e-07,4.9194321036338806e-05,0.00044037308543920517,-0.0010659475810825825,0.0014514122158288956
175,True,0.23529411764705882,953.4447021484375,16,16,0,2.4729299545288086,75.31311798095703,0.19921875,-231.2981719970703,590.4999389648438,3.419844142626971e-05,8.383682870771736e-05,4.062417065142654e-05,0.003916930872946978,0.003899912815541029,0.0038664755411446095,0.005548399407416582,0.005098588299006224,0.005400591995567083,-6.425729225156829e-06,4.321265805629082e-05,5.0455331802368164e-05,3.3437274396419525e-05,0.00014780741184949875,-0.0003020036965608597
153,True,0.2,619.351806640625,16,16,0,3.4003005027770996,90.251953125,0.2373046875,-63.75379943847656,352.0940246582031,1.9983621314167976e-05,1.6505453459103592e-05,4.06009639846161e-05,0.002118398668244481,0.0020247362554073334,0.0023320335894823074,0.0032308499794453382,0.00348912226036191,0.005435508210211992,-2.0617342670448124e-05,-2.409551052551251e-05,-0.00021363492123782635,-0.00030729733407497406,-0.002204658230766654,-0.0019463859498500824
489,True,0.05405405405405406,723.9259033203125,16,16,0,2.606640338897705,69.6073226928711,0.1552734375,41.126888275146484,217.84019470214844,5.0343289331067353e-05,2.208098885603249e-05,4.0476461435901e-05,0.0035700297448784113,0.0028307614848017693,0.003379866247996688,0.0063252984546124935,0.0049022650346159935,0.005391976330429316,9.866827895166352e-06,-1.839547257986851e-05,0.0001901634968817234,-0.0005491047631949186,0.000933322124183178,-0.0004897112958133221
38,True,0.075,561.7454833984375,16,16,0,3.1311609745025635,95.66016387939453,0.330078125,-424.89898681640625,521.5474853515625,4.29908322985284e-05,8.492467895848677e-05,4.0396262193098664e-05,0.0035226475447416306,0.0033937448170036077,0.003252216847613454,0.006277616135776043,0.007167490664869547,0.005803260020911694,2.5945701054297388e-06,4.45284167653881e-05,0.0002704306971281767,0.00014152796939015388,0.00047435611486434937,0.0013642306439578533
459,True,0.3333333333333333,746.9007568359375,16,16,0,3.6600687503814697,87.54527282714844,0.2041015625,196.17652893066406,263.10113525390625,3.105341238551773e-05,2.9683731554541737e-05,4.025565795018338e-05,0.002528199926018715,0.0021419995464384556,0.002122890204191208,0.004295843653380871,0.0037861696910113096,0.0037588661070913076,-9.202245564665645e-06,-1.057192639564164e-05,0.000405309721827507,1.9109342247247696e-05,0.0005369775462895632,2.7303583920001984e-05
182,True,0.21621621621621623,1187.98486328125,16,16,0,3.0907416343688965,88.38082885742188,0.2431640625,-262.0871887207031,572.8385009765625,2.566646617196966e-05,5.730055636377074e-05,4.0132945287041366e-05,0.002331934869289398,0.003322544042021036,0.002635396085679531,0.004707003477960825,0.009223566390573978,0.005980184301733971,-1.4466479115071706e-05,1.7167611076729372e-05,-0.0003034612163901329,0.000687147956341505,-0.0012731808237731457,0.0032433820888400078
325,True,0.28205128205128205,501.974609375,16,16,0,3.5116333961486816,83.89703369140625,0.19921875,171.72349548339844,186.5961456298828,2.4810664399410598e-05,2.634465454320889e-05,3.961706897825934e-05,0.0025588274002075195,0.0026547147426754236,0.002487177262082696,0.004128599539399147,0.004879164043813944,0.004415722563862801,-1.4806404578848742e-05,-1.327241443505045e-05,7.165013812482357e-05,0.00016753748059272766,-0.00028712302446365356,0.00046344147995114326
198,True,0.1,723.573974609375,16,16,0,3.133385181427002,83.25288391113281,0.1982421875,9.478880882263184,403.8742980957031,4.848202661378309e-05,4.1719966247910634e-05,3.93035079468973e-05,0.003687695600092411,0.0035155205987393856,0.003553461516276002,0.00445975037291646,0.005006114020943642,0.0045346664264798164,9.178518666885793e-06,2.4164583010133356e-06,0.0001342340838164091,-3.7940917536616325e-05,-7.49160535633564e-05,0.0004714475944638252
229,True,0.16666666666666666,1106.3876953125,16,16,0,2.3328702449798584,88.94346618652344,0.2333984375,-509.9194030761719,620.0941162109375,3.015758738911245e-05,1.0427819688629825e-05,3.8437738112406805e-05,0.0024869530461728573,0.002010063035413623,0.0032171416096389294,0.005479305051267147,0.0032349585089832544,0.006714183837175369,-8.280150723294355e-06,-2.800991842377698e-05,-0.0007301885634660721,-0.0012070785742253065,-0.0012348787859082222,-0.003479225328192115
324,True,0.45161290322580644,1349.1474609375,16,16,0,2.486715316772461,75.0054931640625,0.1806640625,-75.43151092529297,550.2647705078125,4.491463187150657e-05,3.5397653846303e-05,3.813580042333342e-05,0.004184847231954336,0.003631030675023794,0.0036223172210156918,0.005137183237820864,0.004602720029652119,0.005190822295844555,6.77883144817315e-06,-2.7381465770304203e-06,0.0005625300109386444,8.713454008102417e-06,-5.363905802369118e-05,-0.0005881022661924362
265,True,0.175,869.9827880859375,16,16,0,3.6937592029571533,92.63385772705078,0.216796875,96.0726547241211,148.9097137451172,2.5142906451947056e-05,6.549493264174089e-05,3.681062662508339e-05,0.002468937309458852,0.0027146621141582727,0.0023157219402492046,0.0035982830449938774,0.005365162622183561,0.003603713819757104,-1.1667720173136331e-05,2.86843060166575e-05,0.00015321536920964718,0.0003989401739090681,-5.430774763226509e-06,0.0017614488024264574
86,True,0.10810810810810811,526.692138671875,16,16,0,2.732128381729126,87.69679260253906,0.2490234375,-360.7715759277344,467.3282775878906,3.557502350304276e-05,4.116950003663078e-05,3.658895002445206e-05,0.003296811133623123,0.0035277174320071936,0.0030011243652552366,0.00602473970502615,0.006651515141129494,0.005768853239715099,-1.013926521409303e-06,4.580550012178719e-06,0.00029568676836788654,0.0005265930667519569,0.0002558864653110504,0.0008826619014143944
479,True,0.15384615384615385,705.96484375,16,16,0,3.4600346088409424,86.23159790039062,0.2080078125,52.78337860107422,428.85736083984375,6.627460243180394e-05,4.545324918581173e-05,3.633039887063205e-05,0.0034319348633289337,0.0031759513076394796,0.003107462078332901,0.006112115923315287,0.005170712247490883,0.005159453023225069,2.994420356117189e-05,9.122850315179676e-06,0.0003244727849960327,6.848922930657864e-05,0.0009526629000902176,1.1259224265813828e-05
218,True,0.14285714285714285,701.947509765625,16,16,0,3.6512603759765625,88.0101318359375,0.20703125,130.95083618164062,361.4161682128906,5.701694681192748e-05,7.182423723861575e-05,3.583008947316557e-05,0.002956788521260023,0.0032538590021431446,0.0027098567225039005,0.005793788004666567,0.007781831081956625,0.005268660839647055,2.118685733876191e-05,3.599414776545018e-05,0.0002469317987561226,0.0005440022796392441,0.0005251271650195122,0.0025131702423095703
375,True,0.4473684210526316,970.3287353515625,16,16,0,4.140489101409912,92.59732055664062,0.2158203125,235.79164123535156,262.8874816894531,3.0232005883590318e-05,4.435085065779276e-05,3.557190575520508e-05,0.0022717530373483896,0.0024497504346072674,0.002397616859525442,0.004498471971601248,0.006640162318944931,0.005462408997118473,-5.339899871614762e-06,8.778944902587682e-06,-0.0001258638221770525,5.2133575081825256e-05,-0.0009639370255172253,0.001177753321826458
135,True,0.24324324324324326,1226.9619140625,16,16,0,3.431135416030884,83.670166015625,0.205078125,47.68724822998047,496.35906982421875,4.381927283247933e-05,6.030024087522179e-05,3.4638404031284153e-05,0.0024887933395802975,0.002826509764418006,0.0023242011666297913,0.006217629183083773,0.007968653924763203,0.00488418759778142,9.180868801195174e-06,2.5661836843937635e-05,0.0001645921729505062,0.0005023085977882147,0.001333441585302353,0.003084466326981783
363,True,0.5517241379310345,1084.82470703125,16,16,0,2.2655131816864014,82.51516723632812,0.2412109375,-444.40411376953125,587.8358154296875,4.060181890963577e-05,3.0617469747085124e-05,3.449774521868676e-05,0.003618081798776984,0.003334305714815855,0.0036547353956848383,0.004385626874864101,0.004279306624084711,0.004502944182604551,6.104073690949008e-06,-3.880275471601635e-06,-3.665359690785408e-05,-0.00032042968086898327,-0.0001173173077404499,-0.00022363755851984024
89,True,0.07547169811320754,687.517578125,16,16,0,2.2405378818511963,88.79458618164062,0.21875,-500.9446105957031,376.9600830078125,3.9564198232255876e-05,2.873187440854963e-05,3.317140362923965e-05,0.0033981353044509888,0.003262411803007126,0.0027808132581412792,0.005279016215354204,0.0039386870339512825,0.004769242834299803,6.3927946030162275e-06,-4.4395292206900194e-06,0.0006173220463097095,0.00048159854486584663,0.0005097733810544014,-0.0008305558003485203
314,True,0.4,1246.65283203125,16,16,0,3.6667487621307373,91.64118957519531,0.22265625,57.962745666503906,273.8812255859375,2.9017603083048016e-05,2.3315209546126425e-05,3.269480657763779e-05,0.0020485715940594673,0.00199575861915946,0.0019334377720952034,0.0036690286360681057,0.004594165366142988,0.004208551254123449,-3.677203494589776e-06,-9.379597031511366e-06,0.00011513382196426392,6.232084706425667e-05,-0.0005395226180553436,0.0003856141120195389
211,True,0.225,639.3822021484375,16,16,0,3.949152708053589,94.67448425292969,0.2333984375,82.3060531616211,477.1510314941406,3.083460251218639e-05,5.839309960720129e-05,3.2026058761402965e-05,0.002900476334616542,0.0030510679353028536,0.002703048288822174,0.0049959151074290276,0.006634486839175224,0.0048551117070019245,-1.1914562492165715e-06,2.636704084579833e-05,0.0001974280457943678,0.0003480196464806795,0.00014080340042710304,0.0017793751321732998
43,True,0.34375,1112.326416015625,16,16,0,2.397343635559082,69.16117858886719,0.14453125,25.60430145263672,270.0475158691406,4.4091273593949154e-05,1.960972440429032e-05,3.087312143179588e-05,0.0030639334581792355,0.002905484987422824,0.003267783671617508,0.005586924031376839,0.0032531707547605038,0.005131803452968597,1.3218152162153274e-05,-1.1263397027505562e-05,-0.00020385021343827248,-0.00036229868419468403,0.00045512057840824127,-0.0018786326982080936
223,True,0.2777777777777778,997.6380615234375,16,16,0,3.3350696563720703,85.52667236328125,0.1875,154.4738006591797,263.07354736328125,5.4080239351605996e-05,6.75109913572669e-05,3.073892366955988e-05,0.0033679117914289236,0.0033681856002658606,0.003073467407375574,0.0048578521236777306,0.003992713056504726,0.003066540230065584,2.3341315682046115e-05,3.677206768770702e-05,0.0002944443840533495,0.00029471819289028645,0.0017913118936121464,0.0009261728264391422
448,True,0.075,439.64453125,16,16,0,3.2188615798950195,80.8460693359375,0.1953125,72.80445861816406,276.46875,3.1362491426989436e-05,2.1417910829768516e-05,2.996127113874536e-05,0.0029491246677935123,0.0025039957836270332,0.002739381045103073,0.004758797120302916,0.0037397057749330997,0.00535468477755785,1.401220288244076e-06,-8.543360308976844e-06,0.00020974362269043922,-0.0002353852614760399,-0.0005958876572549343,-0.0016149790026247501
120,True,0.29411764705882354,1425.397216796875,16,16,0,3.4644219875335693,85.48497772216797,0.1748046875,278.994140625,388.70355224609375,4.129909575567581e-05,2.864873385988176e-05,2.9641671062563546e-05,0.0030672186985611916,0.0033213463611900806,0.003422472858801484,0.003719580126926303,0.004731765948235989,0.004227780736982822,1.1657424693112262e-05,-9.929372026817873e-07,-0.00035525416024029255,-0.00010112649761140347,-0.0005082006100565195,0.0005039852112531662
392,True,0.05263157894736842,662.3388671875,16,16,0,1.5434551239013672,91.38545227050781,0.2470703125,-815.4698486328125,351.3743591308594,6.06788344157394e-05,2.754667184490245e-05,2.9280070521053858e-05,0.0029844040982425213,0.0027863960713148117,0.002915431745350361,0.007029046770185232,0.006348878610879183,0.005836491473019123,3.1398763894685544e-05,-1.7333986761514097e-06,6.897235289216042e-05,-0.00012903567403554916,0.001192555297166109,0.0005123871378600597
100,True,0.4166666666666667,1044.138916015625,16,16,0,3.354797840118408,80.69302368164062,0.189453125,182.1492462158203,261.4978332519531,1.719150532153435e-05,2.1676332835340872e-05,2.9098227969370782e-05,0.0017704472411423922,0.0017782623181119561,0.0018038932466879487,0.002738101175054908,0.0030730313155800104,0.0035500419326126575,-1.1906722647836432e-05,-7.42189513402991e-06,-3.3446005545556545e-05,-2.5630928575992584e-05,-0.0008119407575577497,-0.00047701061703264713
5,True,0.7272727272727273,825.7579345703125,16,16,0,3.451348066329956,76.44096374511719,0.181640625,289.5398254394531,318.1178894042969,3.522088081808761e-05,2.8276459488552064e-05,2.8869157176814042e-05,0.003025719430297613,0.0028403596952557564,0.002925438340753317,0.004170425236225128,0.004859338514506817,0.004458323586732149,6.351723641273566e-06,-5.926976882619783e-07,0.00010028108954429626,-8.50786454975605e-05,-0.00028789835050702095,0.00040101492777466774
106,True,0.07547169811320754,485.262451171875,15,16,0,2.645111083984375,92.18934631347656,0.2470703125,-445.6496276855469,383.16796875,4.10728134738747e-05,2.044914072030224e-05,2.8081340133212507e-05,0.002325308509171009,0.0024477741681039333,0.002462869044393301,0.004643878899514675,0.004450155422091484,0.005155921448022127,1.2991473340662196e-05,-7.632199412910268e-06,-0.00013756053522229195,-1.5094876289367676e-05,-0.000512042548507452,-0.0007057660259306431
471,True,0.19444444444444445,811.913330078125,16,16,0,2.715336561203003,74.55609130859375,0.19140625,-116.87409973144531,367.4007873535156,5.9270743804518133e-05,2.5841776732704602e-05,2.8008398658130318e-05,0.003429058939218521,0.003108845092356205,0.002804417163133621,0.006424798630177975,0.004518116824328899,0.004489690996706486,3.1262345146387815e-05,-2.1666219254257157e-06,0.0006246417760848999,0.00030442792922258377,0.001935107633471489,2.8425827622413635e-05
142,True,0.5588235294117647,1067.700927734375,16,16,0,3.69765043258667,83.66851806640625,0.197265625,239.3775177001953,292.2796936035156,3.7915113352937624e-05,4.254267332726158e-05,2.791739098029211e-05,0.0029927617870271206,0.003028781618922949,0.002927679568529129,0.00533696124330163,0.00561183737590909,0.005280825775116682,9.997722372645512e-06,1.462528234696947e-05,6.508221849799156e-05,0.00010110205039381981,5.613546818494797e-05,0.000331011600792408
454,True,0.2631578947368421,645.898681640625,16,16,0,3.247128963470459,86.85662841796875,0.208984375,-4.0598602294921875,213.63526916503906,1.7409965948900208e-05,1.8597491362015717e-05,2.729883090069052e-05,0.002267636824399233,0.002453152323141694,0.0026349585969001055,0.0037620083894580603,0.004672871436923742,0.006177444942295551,-9.88886495179031e-06,-8.701339538674802e-06,-0.0003673217725008726,-0.0001818062737584114,-0.002415436552837491,-0.001504573505371809
415,True,0.18421052631578946,709.870849609375,16,16,0,3.5874545574188232,86.98272705078125,0.201171875,176.68959045410156,186.2050018310547,6.397272227331996e-05,2.66900042333873e-05,2.6890587832895108e-05,0.0027555946726351976,0.0023709614761173725,0.0022300761193037033,0.005810607224702835,0.004191317595541477,0.003906362224370241,3.708213444042485e-05,-2.0058359950780869e-07,0.0005255185533314943,0.0001408853568136692,0.001904245000332594,0.00028495537117123604
127,True,0.20588235294117646,1317.98291015625,16,16,0,2.768371820449829,77.19197082519531,0.2333984375,-281.8797607421875,630.0453491210938,2.4037526600295678e-05,3.0494094971800223e-05,2.6802374122780748e-05,0.002632387215271592,0.0030126599594950676,0.0029031862504780293,0.004481791518628597,0.004692997317761183,0.004894389305263758,-2.76484752248507e-06,3.6917208490194753e-06,-0.0002707990352064371,0.00010947370901703835,-0.00041259778663516045,-0.00020139198750257492
491,True,0.15384615384615385,824.854248046875,16,16,0,2.0913801193237305,75.89165496826172,0.1884765625,-451.7696838378906,500.4774169921875,1.5850608178880066e-05,1.9796798369497992e-05,2.649833550094627e-05,0.0023507154546678066,0.002492260653525591,0.0025072298012673855,0.0028426088392734528,0.003951706923544407,0.004329232964664698,-1.0647727322066203e-05,-6.701537131448276e-06,-0.00015651434659957886,-1.4969147741794586e-05,-0.0014866241253912449,-0.00037752604112029076
204,True,0.09090909090909091,537.560546875,16,16,0,1.9667067527770996,86.54679107666016,0.208984375,-589.7681884765625,461.0155944824219,1.630924452911131e-05,1.1220628948649392e-05,2.5573433958925307e-05,0.002592475851997733,0.002236255444586277,0.0034262111876159906,0.0031793767120689154,0.0024302939418703318,0.004997102078050375,-9.264189429813996e-06,-1.4352805010275915e-05,-0.0008337353356182575,-0.0011899557430297136,-0.0018177253659814596,-0.0025668081361800432
473,True,0.12727272727272726,521.2237548828125,16,16,0,2.1051316261291504,98.82780456542969,0.2626953125,-662.3209838867188,363.7857360839844,2.6297426302335225e-05,3.2803694921312854e-05,2.5138890123344027e-05,0.003034223336726427,0.0031061165500432253,0.0027835280634462833,0.004510152619332075,0.0053949602879583836,0.005000037141144276,1.1585361789911985e-06,7.664804797968827e-06,0.00025069527328014374,0.00032258848659694195,-0.0004898845218122005,0.0003949231468141079
417,True,0.48484848484848486,1165.32666015625,16,16,0,3.7570769786834717,90.75666046142578,0.205078125,199.1820526123047,324.59979248046875,3.0703169613843784e-05,2.0656252672779374e-05,2.486952507751994e-05,0.0020348208490759134,0.0020972732454538345,0.0019154695328325033,0.0032371694687753916,0.004001465626060963,0.0037827331107109785,5.833644536323845e-06,-4.2132724047405645e-06,0.00011935131624341011,0.00018180371262133121,-0.0005455636419355869,0.00021873251534998417
57,True,0.17647058823529413,1254.44921875,16,16,0,2.7882771492004395,76.31266784667969,0.162109375,94.46845245361328,240.6067657470703,4.059715138282627e-05,1.8363465642323717e-05,2.4813565687509254e-05,0.0028396586421877146,0.002604431938380003,0.002531347330659628,0.0056764199398458,0.0027253138832747936,0.0039470503106713295,1.5783585695317015e-05,-6.450100045185536e-06,0.00030831131152808666,7.308460772037506e-05,0.001729369629174471,-0.0012217364273965359
237,True,0.22916666666666666,574.9443359375,16,16,0,2.5773041248321533,88.79741668701172,0.2626953125,-469.6916809082031,462.4663391113281,2.592899363662582e-05,2.5810444640228525e-05,2.3823173251003027e-05,0.0030803275294601917,0.002791751641780138,0.0028904848732054234,0.004658838268369436,0.004529645200818777,0.004447744693607092,2.105820385622792e-06,1.987271389225498e-06,0.00018984265625476837,-9.873323142528534e-05,0.00021109357476234436,8.190050721168518e-05
413,True,0.175,760.660888671875,16,16,0,3.4475972652435303,82.69377136230469,0.2001953125,129.14581298828125,214.33299255371094,3.358850153745152e-05,3.271970126661472e-05,2.378614772169385e-05,0.0026401295326650143,0.0029149544425308704,0.0026474581100046635,0.004311553202569485,0.0053574880585074425,0.004402526188641787,9.80235381575767e-06,8.93355354492087e-06,-7.3285773396492004e-06,0.00026749633252620697,-9.097298607230186e-05,0.0009549618698656559
447,True,0.2619047619047619,654.932861328125,16,16,0,2.349864959716797,79.55033874511719,0.1962890625,-370.96905517578125,460.71612548828125,3.0357306968653575e-05,2.275368751725182e-05,2.366271655773744e-05,0.003049737075343728,0.0025682710111141205,0.0026529820170253515,0.005092401057481766,0.0039218212477862835,0.004960597492754459,6.694590410916135e-06,-9.090290404856205e-07,0.00039675505831837654,-8.471100591123104e-05,0.00013180356472730637,-0.0010387762449681759
370,True,0.09803921568627451,1283.923828125,15,16,0,1.6384726762771606,86.47634887695312,0.2392578125,-793.23828125,426.34906005859375,7.657765672774985e-05,4.490384890232235e-05,2.363299972785171e-05,0.003361389273777604,0.0030278745107352734,0.002856398932635784,0.009883188642561436,0.006659119389951229,0.005386865232139826,5.294465699989814e-05,2.127084917447064e-05,0.00050499034114182,0.0001714755780994892,0.00449632341042161,0.0012722541578114033
66,True,0.05263157894736842,382.3291015625,16,16,0,2.4186370372772217,71.0916748046875,0.1884765625,-243.9940948486328,427.1977844238281,2.476605004630983e-05,2.677116572158411e-05,2.3590633645653725e-05,0.002948211971670389,0.002783501520752907,0.0032764547504484653,0.0040914760902523994,0.0035737017169594765,0.004168388433754444,1.175416400656104e-06,3.1805320759303868e-06,-0.00032824277877807617,-0.0004929532296955585,-7.691234350204468e-05,-0.0005946867167949677
173,True,0.09433962264150944,1134.05224609375,16,16,0,1.519592046737671,84.54603576660156,0.2265625,-814.5225219726562,441.2032470703125,2.7444626539363526e-05,1.6532183508388698e-05,2.3258626242750324e-05,0.002677635522559285,0.002625680761411786,0.002706035040318966,0.004788175690919161,0.0030558400321751833,0.004507355857640505,4.1860002966132015e-06,-6.726442734361626e-06,-2.8399517759680748e-05,-8.035427890717983e-05,0.000280819833278656,-0.0014515158254653215
35,True,0.08,389.4017333984375,16,16,0,2.576932668685913,99.89260864257812,0.2509765625,-467.5726318359375,441.9888916015625,2.3514439817517996e-05,1.768742731655948e-05,2.2966280084801838e-05,0.002727567683905363,0.0026639606803655624,0.002998569281771779,0.004534436389803886,0.005120497662574053,0.005400589667260647,5.48159732716158e-07,-5.278852768242359e-06,-0.000271001597866416,-0.0003346086014062166,-0.0008661532774567604,-0.000280092004686594
2,True,0.11764705882352941,903.8199462890625,16,16,0,2.2093541622161865,70.65404510498047,0.1767578125,-274.7052307128906,567.632568359375,2.702681376831606e-05,2.5073204596992582e-05,2.28380649787141e-05,0.003304006764665246,0.0032196647953242064,0.003151976503431797,0.0039010297041386366,0.004991424735635519,0.004344971384853125,4.188748789601959e-06,2.235139618278481e-06,0.00015203026123344898,6.768829189240932e-05,-0.00044394168071448803,0.0006464533507823944
423,True,0.19444444444444445,1448.4501953125,16,16,0,2.4150397777557373,84.16473388671875,0.220703125,-438.74737548828125,693.4908447265625,4.3795160308945924e-05,2.8829905204474926e-05,2.249192948511336e-05,0.0030240220949053764,0.002710525644943118,0.00252472423017025,0.006496276706457138,0.0056759510189294815,0.0036910315975546837,2.1303230823832564e-05,6.337975719361566e-06,0.0004992978647351265,0.00018580141477286816,0.0028052451089024544,0.001984919421374798
333,True,0.06060606060606061,1038.595703125,16,16,0,1.7385140657424927,76.95536804199219,0.2119140625,-623.4210205078125,494.5747985839844,7.351191743509844e-05,0.00010307247430318967,2.2192094547790475e-05,0.0037813172675669193,0.004273091442883015,0.0030436916276812553,0.009522934444248676,0.011154361069202423,0.004963615909218788,5.1319822887307964e-05,8.088037975539919e-05,0.000737625639885664,0.0012293998152017593,0.004559318535029888,0.006190745159983635
443,True,0.20588235294117646,963.8043212890625,16,16,0,2.411316394805908,76.63652801513672,0.1748046875,-141.6621551513672,562.4127807617188,6.481687887571752e-05,3.6642744817072526e-05,2.2033576897229068e-05,0.0038209103513509035,0.003672558581456542,0.003391166217625141,0.0052037471905350685,0.004762222059071064,0.0038172511849552393,4.278330197848845e-05,1.4609167919843458e-05,0.00042974413372576237,0.00028139236383140087,0.0013864960055798292,0.0009449708741158247
49,True,0.1891891891891892,522.956787109375,16,16,0,3.1584975719451904,80.22700500488281,0.1767578125,189.0511932373047,150.61524963378906,1.9101467842119746e-05,1.6658639651723206e-05,2.182447315135505e-05,0.0022540909703820944,0.00200097868219018,0.0019483799114823341,0.0033816208597272635,0.003655805252492428,0.0035307686775922775,-2.7230053092353046e-06,-5.1658334996318445e-06,0.00030571105889976025,5.259877070784569e-05,-0.00014914781786501408,0.0001250365749001503
461,True,0.3333333333333333,776.317626953125,16,16,0,3.8018603324890137,96.72340393066406,0.23046875,50.29905700683594,319.3868713378906,3.1661671528127044e-05,3.6296933103585616e-05,2.1801810362376273e-05,0.0025749849155545235,0.002651128452271223,0.0022003459744155407,0.004582447465509176,0.00647737504914403,0.004070841707289219,9.859861165750772e-06,1.4495122741209343e-05,0.00037463894113898277,0.0004507824778556824,0.0005116057582199574,0.0024065333418548107
101,True,0.41935483870967744,1403.726806640625,16,16,0,3.0059762001037598,77.6907958984375,0.2216796875,-154.62820434570312,733.687744140625,2.4468354240525514e-05,4.7961086238501593e-05,2.1672507500625215e-05,0.002877461491152644,0.003177175298333168,0.002882136031985283,0.004080669488757849,0.0064641134813427925,0.004396847914904356,2.7958467399002984e-06,2.6288578737876378e-05,-4.6745408326387405e-06,0.00029503926634788513,-0.00031617842614650726,0.0020672655664384365
430,True,0.2631578947368421,1153.618896484375,16,16,0,3.613821029663086,92.46900939941406,0.224609375,25.48203468322754,263.1007995605469,3.327257581986487e-05,2.450717511237599e-05,2.1578445739578456e-05,0.0025768177583813667,0.002644314430654049,0.002450497355312109,0.004738498479127884,0.006072911433875561,0.004542121663689613,1.1694130080286413e-05,2.928729372797534e-06,0.00012632040306925774,0.00019381707534193993,0.00019637681543827057,0.0015307897701859474
102,True,0.20512820512820512,595.0264892578125,16,16,0,3.226938486099243,79.11653900146484,0.18359375,171.75314331054688,158.67196655273438,2.5690411348477937e-05,3.0219416657928377e-05,2.1441672288347036e-05,0.002800281625241041,0.002505520824342966,0.002289042342454195,0.004562724847346544,0.004251403734087944,0.0035015223547816277,4.248739060130902e-06,8.777744369581342e-06,0.0005112392827868462,0.00021647848188877106,0.0010612024925649166,0.0007498813793063164
274,True,0.10256410256410256,395.7572021484375,16,16,0,3.1613190174102783,85.3791732788086,0.19140625,80.72173309326172,158.91714477539062,2.280653643538244e-05,1.862399949459359e-05,2.10289526876295e-05,0.0025006092619150877,0.0023028755094856024,0.0019239875255152583,0.0028260773979127407,0.003329981118440628,0.00293240649625659,1.7775837477529421e-06,-2.404953193035908e-06,0.0005766217363998294,0.00037888798397034407,-0.00010632909834384918,0.00039757462218403816
418,True,0.20588235294117646,1355.87548828125,16,16,0,2.660545587539673,74.65773010253906,0.2041015625,-260.6600341796875,596.4547729492188,2.4282497179228812e-05,6.341762491501868e-05,2.092928480124101e-05,0.002690606750547886,0.003035011701285839,0.002608871553093195,0.00360078364610672,0.00690055638551712,0.003976757172495127,3.353212377987802e-06,4.248834011377767e-05,8.173519745469093e-05,0.0004261401481926441,-0.00037597352638840675,0.0029237992130219936
347,True,0.06,605.458740234375,16,16,0,2.5672106742858887,103.76280212402344,0.2744140625,-532.5035400390625,423.367919921875,1.7776921595213935e-05,2.0866656996076927e-05,2.0918909285683185e-05,0.0024809343740344048,0.0024855383671820164,0.002328217960894108,0.004137296229600906,0.005226438399404287,0.004339043982326984,-3.14198769046925e-06,-5.225228960625827e-08,0.00015271641314029694,0.00015732040628790855,-0.00020174775272607803,0.0008873944170773029
487,True,0.06,833.7320556640625,16,16,0,1.5259780883789062,80.95866394042969,0.2060546875,-778.1436767578125,385.5270690917969,1.4295004802988842e-05,1.6404159396188334e-05,2.0829607819905505e-05,0.0023852537851780653,0.0027268780395388603,0.0022290698252618313,0.003952705301344395,0.00471516465768218,0.0033143723849207163,-6.5346030169166625e-06,-4.425448423717171e-06,0.00015618395991623402,0.000497808214277029,0.0006383329164236784,0.0014007922727614641
26,True,0.3333333333333333,925.539306640625,16,16,0,3.58624005317688,87.49830627441406,0.216796875,83.60447692871094,157.4904022216797,2.8198050131322816e-05,2.7241439966019243e-05,2.0795923774130642e-05,0.002157623879611492,0.0020309491083025932,0.0018592765554785728,0.0030350263696163893,0.0033387772273272276,0.0029887377750128508,7.402126357192174e-06,6.445516191888601e-06,0.0002983473241329193,0.00017167255282402039,4.628859460353851e-05,0.00035003945231437683
426,True,0.13953488372093023,394.10546875,16,16,0,3.7717292308807373,92.73823547363281,0.2275390625,54.89014434814453,273.77001953125,2.2001524484949186e-05,4.267985059414059e-05,1.994389640458394e-05,0.002276394981890917,0.002230564597994089,0.0019764243625104427,0.00325418240390718,0.004116757307201624,0.003191822674125433,2.057628080365248e-06,2.273595418955665e-05,0.0002999706193804741,0.0002541402354836464,6.235972978174686e-05,0.000924934633076191
131,True,0.22857142857142856,1500.0,16,16,0,1.6541844606399536,79.25955200195312,0.1884765625,-656.8385620117188,550.310302734375,5.514316580956802e-05,4.904553134110756e-05,1.9464598153717816e-05,0.0035529446322470903,0.0037734336219727993,0.002765112556517124,0.006289491895586252,0.00588203826919198,0.004025939851999283,3.56785676558502e-05,2.9580933187389746e-05,0.0007878320757299662,0.0010083210654556751,0.0022635520435869694,0.0018560984171926975
109,True,0.10526315789473684,372.7357177734375,16,16,0,2.7577931880950928,70.433837890625,0.1669921875,54.87510299682617,92.3458023071289,1.896022331493441e-05,1.6665568182361312e-05,1.9219782188883983e-05,0.002619826002046466,0.0023529515601694584,0.0027864761650562286,0.003476038808003068,0.002861614804714918,0.003319917246699333,-2.5955887394957244e-07,-2.5542140065226704e-06,-0.00016665016300976276,-0.00043352460488677025,0.00015612156130373478,-0.00045830244198441505
264,True,0.05172413793103448,386.57763671875,16,16,0,2.1292366981506348,97.29527282714844,0.263671875,-659.73974609375,336.33636474609375,1.2085937669326086e-05,2.6720401365309954e-05,1.9144265024806373e-05,0.002094657626003027,0.002584183821454644,0.0025105399545282125,0.0034863625187426805,0.005629041697829962,0.005279230419546366,-7.058327355480287e-06,7.576136340503581e-06,-0.0004158823285251856,7.364386692643166e-05,-0.0017928679008036852,0.00034981127828359604
210,True,0.15384615384615385,654.598876953125,16,16,0,3.133178949356079,85.81587982177734,0.2021484375,4.985715866088867,106.66292572021484,2.5935993107850663e-05,1.4894030755385756e-05,1.8827424355549738e-05,0.0022889836691319942,0.002226850250735879,0.0021283645182847977,0.0035218228586018085,0.0027456157840788364,0.003157977247610688,7.1085687523009256e-06,-3.933393600163981e-06,0.00016061915084719658,9.848573245108128e-05,0.00036384561099112034,-0.00041236146353185177
41,True,0.06666666666666667,736.7564697265625,16,16,0,2.300509214401245,89.9498291015625,0.2314453125,-525.6836547851562,448.02716064453125,1.4236647075449582e-05,1.5960731616360135e-05,1.8538998119765893e-05,0.002360653132200241,0.0021221276838332415,0.0022259396500885487,0.004087140783667564,0.004166893661022186,0.003254316281527281,-4.3023510443163104e-06,-2.5782665034057572e-06,0.00013471348211169243,-0.0001038119662553072,0.0008328245021402836,0.0009125773794949055
400,True,0.17777777777777778,1476.74267578125,16,16,0,1.7708168029785156,85.91899871826172,0.2255859375,-703.5799560546875,576.5303344726562,1.3904424122301862e-05,6.36769545963034e-05,1.846867598942481e-05,0.0025552527513355017,0.0033696882892400026,0.0029351094271987677,0.0033095157705247402,0.009487335570156574,0.004811929073184729,-4.564251867122948e-06,4.5208278606878594e-05,-0.000379856675863266,0.00043457886204123497,-0.0015024133026599884,0.004675406496971846
18,True,0.07317073170731707,437.258544921875,16,16,0,2.345536947250366,84.90284729003906,0.2158203125,-438.7750549316406,463.7353515625,1.3890025911678094e-05,1.4479406672762707e-05,1.813861854316201e-05,0.002156350528821349,0.0021967850625514984,0.002173967659473419,0.002962252823635936,0.0033936556428670883,0.004044535104185343,-4.248592631483916e-06,-3.6592118703993037e-06,-1.7617130652070045e-05,2.2817403078079224e-05,-0.001082282280549407,-0.0006508794613182545
493,True,0.09836065573770492,548.662353515625,16,16,0,2.2874839305877686,103.33316802978516,0.2734375,-623.96728515625,354.2487487792969,1.2670482647081371e-05,1.6208721717703156e-05,1.805164538382087e-05,0.0021645831875503063,0.0024414488580077887,0.0025016663130372763,0.0033671213313937187,0.004214826039969921,0.004747353028506041,-5.381162736739498e-06,-1.8429236661177129e-06,-0.00033708312548696995,-6.021745502948761e-05,-0.0013802316971123219,-0.0005325269885361195
441,True,0.057692307692307696,1289.35693359375,16,16,0,1.813780665397644,92.76496887207031,0.25,-743.307373046875,429.82025146484375,2.5534558517392725e-05,2.046516783593688e-05,1.8003576769842766e-05,0.0026195640675723553,0.0027441305574029684,0.0026441162917762995,0.004338914528489113,0.00345927057787776,0.0035573432687669992,7.5309817475499585e-06,2.4615910660941154e-06,-2.4552224203944206e-05,0.00010001426562666893,0.0007815712597221136,-9.807269088923931e-05
405,True,0.1,1053.45458984375,16,16,0,1.6183507442474365,74.79878234863281,0.1748046875,-649.7705078125,511.4416809082031,1.5746925782877952e-05,1.7385966202709824e-05,1.788210283848457e-05,0.0027779729571193457,0.0028834177646785975,0.002891335403546691,0.0032904401887208223,0.0028778736013919115,0.0033221058547496796,-2.1351770556066185e-06,-4.961366357747465e-07,-0.00011336244642734528,-7.91763886809349e-06,-3.166566602885723e-05,-0.00044423225335776806
442,True,0.12195121951219512,567.135009765625,16,16,0,3.4701175689697266,89.56521606445312,0.2236328125,3.56433367729187,274.0913391113281,2.2561252990271896e-05,3.979997563874349e-05,1.7805085008149035e-05,0.0019399281591176987,0.002353181829676032,0.0018699562642723322,0.0035656664986163378,0.005367891862988472,0.003650590078905225,4.756167982122861e-06,2.1994890630594455e-05,6.997189484536648e-05,0.0004832255654036999,-8.492358028888702e-05,0.0017173017840832472
354,True,0.20512820512820512,719.6741943359375,16,16,0,3.7284529209136963,87.48573303222656,0.2021484375,188.38726806640625,186.0986785888672,2.051321826002095e-05,3.0444040021393448e-05,1.7373342416249216e-05,0.0021598178427666426,0.0022202518302947283,0.0021403697319328785,0.003732832847163081,0.003965800162404776,0.0037247100844979286,3.1398758437717333e-06,1.3070697605144233e-05,1.9448110833764076e-05,7.988209836184978e-05,8.12276266515255e-06,0.000241090077906847
424,True,0.2647058823529412,778.03564453125,16,16,0,2.1774072647094727,74.08714294433594,0.19140625,-419.33502197265625,492.0184020996094,1.0946507245535031e-05,1.960743793461006e-05,1.7344998923363164e-05,0.002272495999932289,0.0020592042710632086,0.002472679130733013,0.0024631840642541647,0.003302294295281172,0.0043085129000246525,-6.398491677828133e-06,2.2624390112468973e-06,-0.00020018313080072403,-0.0004134748596698046,-0.0018453288357704878,-0.0010062186047434807
44,True,0.1,1208.0283203125,16,16,0,3.4090120792388916,90.51803588867188,0.2080078125,46.96149826049805,102.1589584350586,1.9051671188208275e-05,1.4196855772752315e-05,1.72493455465883e-05,0.0023853061720728874,0.0022981020156294107,0.002380173420533538,0.0023259352892637253,0.002405376173555851,0.0031099459156394005,1.8023256416199729e-06,-3.052489773835987e-06,5.132751539349556e-06,-8.207140490412712e-05,-0.0007840106263756752,-0.0007045697420835495
419,True,0.05,367.529052734375,16,16,0,3.355351686477661,86.42483520507812,0.2119140625,6.0377888679504395,303.150634765625,5.89193296036683e-05,4.414998693391681e-05,1.718433304631617e-05,0.0024915242101997137,0.002648322843015194,0.002117207972332835,0.005982018541544676,0.006334497593343258,0.0049058739095926285,4.173499655735213e-05,2.6965653887600638e-05,0.0003743162378668785,0.0005311148706823587,0.0010761446319520473,0.0014286236837506294
115,True,0.20512820512820512,554.477783203125,16,16,0,2.9746921062469482,91.64653015136719,0.248046875,-252.94107055664062,408.65350341796875,1.9664783394546248e-05,2.5478913812548853e-05,1.7139314877567813e-05,0.002289439784362912,0.0026816935278475285,0.0022407565265893936,0.0037604719400405884,0.006621481850743294,0.004042739514261484,2.5254685169784352e-06,8.33959893498104e-06,4.868325777351856e-05,0.00044093700125813484,-0.00028226757422089577,0.0025787423364818096
168,True,0.12195121951219512,504.9315185546875,16,16,0,3.6993672847747803,92.99933624267578,0.2158203125,85.59454345703125,208.48892211914062,2.0335424778750166e-05,5.7503581047058105e-05,1.6876290828804485e-05,0.0018035359680652618,0.0023797657340765,0.001762778963893652,0.003135921899229288,0.006223676726222038,0.0032986693549901247,3.459133949945681e-06,4.062729021825362e-05,4.075700417160988e-05,0.000616986770182848,-0.0001627474557608366,0.0029250073712319136
472,True,0.075,624.09375,16,16,0,3.5700550079345703,88.291259765625,0.2119140625,85.30204010009766,178.43467712402344,1.4959078725951258e-05,4.893076766165905e-05,1.6615076674497686e-05,0.0019194206688553095,0.0020189101342111826,0.001801486941985786,0.003091689432039857,0.004948542919009924,0.0032783763017505407,-1.6559979485464282e-06,3.231569098716136e-05,0.00011793372686952353,0.00021742319222539663,-0.00018668686971068382,0.0016701666172593832
140,True,0.23684210526315788,759.4603271484375,16,16,0,3.5392017364501953,91.33202362060547,0.2119140625,58.59767532348633,128.2808380126953,1.753887045197189e-05,1.2523831173893996e-05,1.632045859878417e-05,0.0019740911666303873,0.001975267194211483,0.001881356118246913,0.0032170622143894434,0.0036122375167906284,0.003551911562681198,1.2184118531877175e-06,-3.7966274248901755e-06,9.273504838347435e-05,9.391107596457005e-05,-0.0003348493482917547,6.032595410943031e-05
138,True,0.1,637.6749267578125,16,16,0,3.373171091079712,83.48859405517578,0.1943359375,119.14360046386719,206.24351501464844,3.597380418796092e-05,1.8973574697156437e-05,1.622287163627334e-05,0.0022273780778050423,0.002344271866604686,0.0022352542728185654,0.0033762867096811533,0.0037386890035122633,0.00396598968654871,1.9750932551687583e-05,2.7507030608830974e-06,-7.876195013523102e-06,0.00010901759378612041,-0.0005897029768675566,-0.00022730068303644657
272,True,0.06976744186046512,415.0003662109375,16,16,0,3.328239917755127,89.29534912109375,0.2197265625,-29.496152877807617,88.96371459960938,2.1390347683336586e-05,1.667774995439686e-05,1.60131930897478e-05,0.0019207231234759092,0.002030397765338421,0.0018049582140520215,0.003009520471096039,0.0042753503657877445,0.003815643722191453,5.377154593588784e-06,6.645568646490574e-07,0.00011576490942388773,0.00022543955128639936,-0.0008061232510954142,0.00045970664359629154
393,True,0.06382978723404255,1469.88232421875,16,16,0,1.690398931503296,81.46624755859375,0.203125,-699.5821533203125,468.5312194824219,3.858418858726509e-05,3.462851236690767e-05,1.5647767213522457e-05,0.002948616398498416,0.0031986453104764223,0.002488484838977456,0.006964335683733225,0.006501290947198868,0.003764865454286337,2.2936421373742633e-05,1.8980745153385215e-05,0.00046013155952095985,0.0007101604714989662,0.003199470229446888,0.002736425492912531
439,True,0.22857142857142856,414.7420654296875,16,16,0,2.8270256519317627,70.10404205322266,0.162109375,153.34613037109375,140.74508666992188,2.6507803340791725e-05,1.70579478435684e-05,1.562953184475191e-05,0.002714155474677682,0.0025670533068478107,0.002556182909756899,0.0038594030775129795,0.003393695456907153,0.0035096425563097,1.0878271496039815e-05,1.4284159988164902e-06,0.00015797256492078304,1.0870397090911865e-05,0.0003497605212032795,-0.00011594709940254688
277,True,0.16666666666666666,651.8795166015625,16,16,0,2.858045816421509,87.924072265625,0.234375,-251.4129180908203,409.140380859375,1.6976406186586246e-05,1.4740676306246314e-05,1.5262705346685834e-05,0.0023655041586607695,0.0022456960286945105,0.001972189638763666,0.003973889630287886,0.0038761766627430916,0.003451593918725848,1.7137008399004117e-06,-5.2202904043952e-07,0.0003933145198971033,0.0002735063899308443,0.0005222957115620375,0.0004245827440172434
78,True,0.12195121951219512,522.177490234375,16,16,0,3.701502561569214,92.56283569335938,0.2177734375,75.68604278564453,138.5873565673828,1.652528044360224e-05,2.9742204787908122e-05,1.5164565411396325e-05,0.0018378058448433876,0.0022394880652427673,0.0017418613424524665,0.0031625754199922085,0.00481087202206254,0.0031545357778668404,1.360715032205917e-06,1.4577639376511797e-05,9.594450239092112e-05,0.0004976267227903008,8.039642125368118e-06,0.0016563362441956997
434,True,0.11904761904761904,1500.0,16,16,0,1.5660059452056885,83.08638000488281,0.19921875,-741.265625,480.39801025390625,2.3548374883830547e-05,2.9848693884559907e-05,1.4946005649107974e-05,0.0029884916730225086,0.00390545092523098,0.002654244191944599,0.003462738124653697,0.0033383287955075502,0.003121092217043042,8.602369234722573e-06,1.4902688235451933e-05,0.00033424748107790947,0.0012512067332863808,0.00034164590761065483,0.00021723657846450806
465,True,0.057692307692307696,1376.6123046875,16,16,0,1.6444001197814941,85.41888427734375,0.23046875,-773.624755859375,422.09710693359375,1.437985247321194e-05,3.6019471735926345e-05,1.4445585293287877e-05,0.0023467675782740116,0.002328921342268586,0.00235361629165709,0.0038758357986807823,0.00703114178031683,0.003957202658057213,-6.573282007593662e-08,2.1573886442638468e-05,-6.848713383078575e-06,-2.469494938850403e-05,-8.136685937643051e-05,0.003073939122259617
288,True,0.1111111111111111,1058.48583984375,16,16,0,2.4454524517059326,78.67333984375,0.2294921875,-386.3998718261719,482.5705261230469,2.0685140043497086e-05,1.8840986740542576e-05,1.412142864865018e-05,0.002236120868474245,0.0022644789423793554,0.002101609017699957,0.003565360326319933,0.0039662267081439495,0.003534823888912797,6.563711394846905e-06,4.719558091892395e-06,0.00013451185077428818,0.00016286992467939854,3.0536437407135963e-05,0.00043140281923115253
6,True,0.07894736842105263,383.574462890625,16,16,0,2.8840060234069824,85.0094223022461,0.220703125,-192.73983764648438,437.1923828125,1.9167044229106978e-05,1.8597902453620918e-05,1.2881638213002589e-05,0.002388070337474346,0.0023525843862444162,0.0021248830016702414,0.0034094953443855047,0.0034838556312024593,0.0035549576859921217,6.285406016104389e-06,5.7162642406183295e-06,0.0002631873358041048,0.00022770138457417488,-0.00014546234160661697,-7.110205478966236e-05
29,True,0.17073170731707318,706.341552734375,16,16,0,3.545980215072632,93.45645141601562,0.22265625,-4.586069107055664,214.17849731445312,2.5027977244462818e-05,2.3317610612139106e-05,1.2605679330590647e-05,0.002322171116247773,0.002113744616508484,0.0016650743782520294,0.003733707359060645,0.004582452122122049,0.002997339703142643,1.2422297913872171e-05,1.0711931281548459e-05,0.0006570967379957438,0.00044867023825645447,0.0007363676559180021,0.0015851124189794064
23,True,0.05,343.44091796875,16,16,0,1.6314609050750732,75.77362823486328,0.1728515625,-632.9981689453125,499.39642333984375,3.2981482945615426e-05,3.2265979825751856e-05,1.2518473340605851e-05,0.0031438057776540518,0.0037000495940446854,0.002487767720595002,0.004767454229295254,0.0034890519455075264,0.00270267715677619,2.0463009605009574e-05,1.9747506485146005e-05,0.0006560380570590496,0.0012122818734496832,0.002064777072519064,0.0007863747887313366
481,True,0.11538461538461539,1464.89453125,16,16,0,1.5033963918685913,85.41172790527344,0.220703125,-810.9114379882812,436.8037414550781,1.2385305126372259e-05,2.7062080334872007e-05,1.2494257134676445e-05,0.0020154984667897224,0.0023039840161800385,0.0022692130878567696,0.003269974375143647,0.00600590743124485,0.004184539429843426,-1.0895200830418617e-07,1.4567823200195562e-05,-0.0002537146210670471,3.477092832326889e-05,-0.0009145650546997786,0.0018213680014014244
22,True,0.07142857142857142,1413.33056640625,16,16,0,1.400373935699463,84.2634048461914,0.22265625,-862.220947265625,407.85089111328125,8.461477591481525e-06,1.288151543121785e-05,1.1222919965803158e-05,0.00172776251565665,0.0018711728043854237,0.0020222775638103485,0.0034087635576725006,0.0028520170599222183,0.003729037707671523,-2.761442374321632e-06,1.6585954654146917e-06,-0.00029451504815369844,-0.00015110475942492485,-0.0003202741499990225,-0.0008770206477493048
379,True,0.0625,1160.640625,16,16,0,1.6331498622894287,86.76696014404297,0.2138671875,-738.64892578125,476.7729797363281,8.579956556786783e-06,7.955995897646062e-06,1.007955870591104e-05,0.0018664314411580563,0.001905705314129591,0.002315059071406722,0.0022689730394631624,0.001972778467461467,0.0027585825882852077,-1.4996021491242573e-06,-2.1235628082649782e-06,-0.0004486276302486658,-0.0004093537572771311,-0.0004896095488220453,-0.000785804120823741
