method,baseline,metric,absolute_delta,relative_change_percent,delta_unit,direction
new_hjd_rf,phase10d_strict,rmse_stored_units,-1.50365409E-7,-3.474448300136644655398925340,stored_numerical_units,lower_is_better
new_hjd_rf,phase10d_strict,mae_stored_units,-1.55154093E-7,-4.994187688192097975360022620,stored_numerical_units,lower_is_better
new_hjd_rf,phase10d_strict,x_mean_pct,0.594450313,8.906732197310857786839858500,percentage_points,lower_is_better
new_hjd_rf,phase10d_strict,x_max_pct,1.54313700,6.897693346945802109280052500,percentage_points,lower_is_better
new_hjd_rf,phase10d_strict,x_profile_rmse_stored_units,3.2434197E-7,2.340564861957719649148182000,stored_numerical_units,lower_is_better
new_hjd_rf,phase10d_strict,y_profile_rmse_stored_units,1.25842673E-7,1.273919797729901820455962600,stored_numerical_units,lower_is_better
new_hjd_rf,phase10d_strict,z_profile_rmse_stored_units,9.0180322E-8,0.906883029340627018003005300,stored_numerical_units,lower_is_better
new_residual_rf,phase10d_strict,rmse_stored_units,-1.81977413E-7,-4.204897372780159437399414890,stored_numerical_units,lower_is_better
new_residual_rf,phase10d_strict,mae_stored_units,-2.30902604E-7,-7.432423597541158483867757590,stored_numerical_units,lower_is_better
new_residual_rf,phase10d_strict,x_mean_pct,1.220833980,18.29192630475940183266704080,percentage_points,lower_is_better
new_residual_rf,phase10d_strict,x_max_pct,3.38706888,15.13991465386622793114339490,percentage_points,lower_is_better
new_residual_rf,phase10d_strict,x_profile_rmse_stored_units,4.7846974E-7,3.452804646139523699386859700,stored_numerical_units,lower_is_better
new_residual_rf,phase10d_strict,y_profile_rmse_stored_units,3.1887381E-8,0.322799611493124549583215500,stored_numerical_units,lower_is_better
new_residual_rf,phase10d_strict,z_profile_rmse_stored_units,3.2895842E-8,0.330811425198400051899992300,stored_numerical_units,lower_is_better
